kart,start_grid,pilot,lap_1,lap_2,lap_3,lap_4,lap_5,lap_6,lap_7,lap_8,lap_9,lap_10,lap_11,average
12,5,JEL,46.749,45.035,44.303,43.702,43.792,42.892,43.131,43.189,43.247,42.904,43.298,43.840
27,1,DUU,47.566,44.695,44.948,44.740,44.570,44.091,44.132,44.502,44.596,44.503,45.245,44.871
1,3,PET,47.488,45.100,46.308,44.449,45.247,45.281,45.127,45.125,44.902,44.663,44.822,45.319
45,9,BEA,47.771,46.035,46.084,44.784,45.452,44.986,44.200,44.382,44.550,44.683,44.569,45.228
18,2,JOR,47.966,44.970,46.398,44.669,44.667,45.390,45.097,45.249,45.222,44.793,45.144,45.415
22,10,JOO,52.471,45.870,44.621,44.005,43.997,46.787,44.808,44.066,43.694,43.938,44.365,45.329
24,6,STE,48.606,45.711,45.536,45.468,45.033,45.294,44.272,44.722,44.774,44.940,46.100,45.496
7,4,BOB,48.346,47.102,45.955,45.131,45.056,47.783,44.887,45.322,44.880,44.934,45.822,45.928
28,11,MEN,50.262,45.731,44.828,44.938,44.837,46.637,45.402,46.108,45.999,44.907,47.155,46.073
20,12,MAA,51.952,48.194,46.690,46.409,46.598,45.677,46.255,45.680,45.871,46.883,46.698,46.991
17,8,ALE,50.035,56.765,45.629,45.417,44.912,44.824,45.339,45.348,50.248,45.587,47.250,47.395
39,7,NIC,71.246,45.381,44.741,44.365,44.900,44.635,44.916,44.502,44.613,45.441,48.000,47.521